{
  "sample_boundaries": [
    0,
    75,
    153,
    228,
    298,
    372,
    445,
    518,
    588,
    659,
    729,
    800,
    877,
    949
  ],
  "band_positions": [
    [
      260,
      295,
      399,
      461,
      482,
      542,
      590,
      766
    ],
    [
      347,
      387,
      482,
      515,
      562,
      621,
      712,
      734
    ],
    [
      372,
      394,
      409,
      443,
      464,
      483,
      502,
      531,
      546,
      575,
      611,
      635,
      653,
      677,
      722,
      738,
      778,
      837
    ],
    [
      413,
      443,
      533,
      567,
      602,
      618,
      651,
      761,
      789
    ],
    [
      430,
      513,
      572,
      656,
      688,
      712,
      740,
      789,
      859,
      882
    ],
    [
      429,
      576,
      604,
      659,
      691,
      713,
      738,
      778,
      804
    ],
    [
      375,
      402,
      427,
      454,
      485,
      512,
      546,
      563,
      585,
      628,
      672,
      729
    ],
    [
      390,
      413,
      444,
      464,
      480,
      498,
      517,
      565,
      610,
      627,
      651,
      677
    ],
    [
      434,
      569,
      584,
      607,
      627,
      648,
      668,
      709,
      747,
      781,
      805,
      876
    ],
    [
      548,
      600,
      662,
      689,
      724,
      749
    ],
    [
      324,
      436,
      552,
      591,
      612,
      657,
      712,
      753,
      799
    ],
    [
      422,
      531,
      607,
      639,
      668,
      711,
      765,
      807
    ],
    [
      205,
      244,
      288,
      327,
      343,
      419,
      436,
      501,
      561,
      580,
      614,
      638,
      668,
      699,
      795
    ]
  ],
  "similarity_matrix": [
    [
      0.0,
      0.25,
      0.6666666666666667,
      0.4444444444444444,
      0.6,
      0.5555555555555556,
      0.5833333333333333,
      0.5833333333333333,
      0.6666666666666666,
      0.625,
      0.4444444444444444,
      0.5,
      0.4666666666666667
    ],
    [
      0.375,
      0.0,
      0.5555555555555556,
      0.4444444444444444,
      0.5,
      0.5555555555555556,
      0.41666666666666663,
      0.5,
      0.6666666666666666,
      0.5,
      0.4444444444444444,
      0.375,
      0.6
    ],
    [
      0.6666666666666667,
      0.6111111111111112,
      0.0,
      0.5,
      0.5,
      0.5,
      0.33333333333333326,
      0.33333333333333326,
      0.38888888888888884,
      0.6666666666666666,
      0.5555555555555556,
      0.5555555555555556,
      0.38888888888888895
    ],
    [
      0.4444444444444444,
      0.4444444444444444,
      0.5555555555555556,
      0.0,
      0.4,
      0.33333333333333337,
      0.33333333333333337,
      0.41666666666666663,
      0.41666666666666663,
      0.5555555555555556,
      0.2222222222222222,
      0.22222222222222232,
      0.4666666666666667
    ],
    [
      0.6,
      0.5,
      0.5,
      0.4,
      0.0,
      0.29999999999999993,
      0.5833333333333333,
      0.5833333333333333,
      0.33333333333333326,
      0.4,
      0.4,
      0.29999999999999993,
      0.6
    ],
    [
      0.6666666666666667,
      0.5555555555555556,
      0.5,
      0.33333333333333337,
      0.29999999999999993,
      0.0,
      0.5833333333333333,
      0.5833333333333333,
      0.33333333333333337,
      0.4444444444444443,
      0.2222222222222222,
      0.22222222222222232,
      0.6000000000000001
    ],
    [
      0.5833333333333333,
      0.5,
      0.33333333333333326,
      0.33333333333333337,
      0.5,
      0.5,
      0.0,
      0.16666666666666663,
      0.41666666666666663,
      0.5833333333333333,
      0.5,
      0.5,
      0.33333333333333326
    ],
    [
      0.5833333333333333,
      0.5,
      0.33333333333333326,
      0.41666666666666663,
      0.5833333333333333,
      0.5833333333333333,
      0.25,
      0.0,
      0.5,
      0.6666666666666667,
      0.5,
      0.5,
      0.4666666666666667
    ],
    [
      0.75,
      0.6666666666666666,
      0.4444444444444443,
      0.41666666666666663,
      0.33333333333333326,
      0.25,
      0.5,
      0.5,
      0.0,
      0.5,
      0.33333333333333337,
      0.41666666666666663,
      0.4666666666666667
    ],
    [
      0.625,
      0.5,
      0.6666666666666666,
      0.5555555555555556,
      0.5,
      0.33333333333333326,
      0.6666666666666667,
      0.6666666666666667,
      0.5,
      0.0,
      0.4444444444444443,
      0.375,
      0.7333333333333334
    ],
    [
      0.4444444444444444,
      0.4444444444444444,
      0.5555555555555556,
      0.2222222222222222,
      0.4,
      0.2222222222222222,
      0.5,
      0.5,
      0.33333333333333337,
      0.4444444444444443,
      0.0,
      0.11111111111111116,
      0.4666666666666667
    ],
    [
      0.5,
      0.375,
      0.5555555555555556,
      0.33333333333333337,
      0.29999999999999993,
      0.22222222222222232,
      0.5833333333333333,
      0.5833333333333333,
      0.41666666666666663,
      0.25,
      0.22222222222222232,
      0.0,
      0.5333333333333333
    ],
    [
      0.4666666666666667,
      0.6,
      0.38888888888888895,
      0.4666666666666667,
      0.5333333333333333,
      0.5333333333333333,
      0.3999999999999999,
      0.4666666666666667,
      0.4666666666666667,
      0.6666666666666666,
      0.4666666666666667,
      0.5333333333333333,
      0.0
    ]
  ],
  "band_counts": [
    8,
    8,
    18,
    9,
    10,
    9,
    12,
    12,
    12,
    6,
    9,
    8,
    15
  ]
}